{
  "project_info": {
    "project_number": "375030394741",
    "firebase_url": "https://begoe-cc94f.firebaseio.com",
    "project_id": "begoe-cc94f",
    "storage_bucket": "begoe-cc94f.appspot.com"
  },
  "client": [
    {
      "client_info": {
        "mobilesdk_app_id": "1:375030394741:android:3631f22716304747962d3c",
        "android_client_info": {
          "package_name": "com.example.begoe"
        }
      },
      "oauth_client": [
        {
          "client_id": "375030394741-s9i72husfq3u0940npce4s3euc39clc8.apps.googleusercontent.com",
          "client_type": 1,
          "android_info": {
            "package_name": "com.example.begoe",
            "certificate_hash": "01f122d46668491d44a5ac936a43958a04fb0c86"
          }
        },
        {
          "client_id": "375030394741-1i8coc1ub9cep84i2p761id2rm1s9kg1.apps.googleusercontent.com",
          "client_type": 3
        }
      ],
      "api_key": [
        {
          "current_key": "AIzaSyBh1QqEid1WEnpXWZYr74JRksH1YCfYomY"
        }
      ],
      "services": {
        "appinvite_service": {
          "other_platform_oauth_client": [
            {
              "client_id": "375030394741-1i8coc1ub9cep84i2p761id2rm1s9kg1.apps.googleusercontent.com",
              "client_type": 3
            }
          ]
        }
      }
    }
  ],
  "configuration_version": "1"
}